{
  "results": [
    {
      "command": "./scripts/csutil pull kronos-testdata-dev ./dat/tmp \"*\"",
      "mean": 152.72967826456,
      "stddev": 199.0704509934804,
      "median": 62.43488046966,
      "user": 1.54959796,
      "system": 0.44568626499999997,
      "min": 39.99990209116,
      "max": 532.94659619416,
      "times": [
        63.03481449916,
        52.25614336716,
        70.25045640116,
        64.11003886115999,
        61.83494644016,
        60.26165017216,
        527.2840136751599,
        532.94659619416,
        39.99990209116,
        55.318220944160004
      ]
    }
  ]
}
